Número Dovale,Referência,Qtd. em Estoque,Qtd. Mínima
D742,TRI-CIRCLE,7,10
D743,TRI-CIRCLE,16,15
D744,TRI-CIRCLE,11,10
D745,TRI-CIRCLE,12,10
D746,TRI-CIRCLE,10,10
D5,UEME,16,20
D6,UEME,19,20
D7,UEME,15,10
D8,UEME,14,15
D9,UEME,16,15
D10,UEME,9,10
D11,UEME,2,10
D12,UEME,7,15
D13,UEME,14,20
D78,UEME,2,10
D649,UEME,14,15
D704,UEME,15,15
776,UEME,5,15
779,UEME,9,10
D719,UNILOCK,12,15
D518,VOUGA,21,20
D554,VOUGA,7,5
D01,YALE,6,10
D02,YALE,12,10
456,YALE,11,10
D710,YALE,8,10
D732,YALE,10,10
769,3F,14,15
770,3F,10,10
785,3F,10,10
786,3F,9,10
790,3F,11,10
D804,3F,10,10
D826,3F,10,10
